{"FinishTutorial":false,"SEVolume":0.15449674427509309,"BGMVolume":0.1501489132642746,"PlayerName":"aaa"}
