{"FinishTutorial":false,"SEVolume":0.20160965621471406,"BGMVolume":0.20143626630306245}
